{"cameraMode":{"drawMode":0,"name":"Shaded","section":"Shading Mode"},"sceneLighting":false,"audioPlay":false,"sceneViewState":{"showFog":true,"showMaterialUpdate":false,"showSkybox":false,"showFlares":true,"showImageEffects":true,"showParticleSystems":true},"in2DMode":false,"pivot":{"x":-1.380751132965088,"y":0.5428866744041443,"z":-0.7190816402435303},"rotation":{"x":-0.10509437322616577,"y":0.019984545186161996,"z":-0.002112253103405237,"w":-0.9942615032196045},"size":1.7660281658172608,"orthographic":false}